id_leggo,interesse,periodo,user_count,sum_interactions,popularity
f9bd7e777361dbd947f299ca037b45ca,socioambiental,2021-07-12,0,0,0
f9bd7e777361dbd947f299ca037b45ca,socioambiental,2021-07-05,1,11,11.8409498748177
f9bd7e777361dbd947f299ca037b45ca,socioambiental,2021-06-28,0,0,0
f9bd7e777361dbd947f299ca037b45ca,socioambiental,2021-06-21,0,0,0
f9bd7e777361dbd947f299ca037b45ca,socioambiental,2021-06-14,0,0,0
f9bd7e777361dbd947f299ca037b45ca,socioambiental,2021-06-07,0,0,0
f9bd7e777361dbd947f299ca037b45ca,socioambiental,2021-05-31,0,0,0
f9bd7e777361dbd947f299ca037b45ca,socioambiental,2021-05-24,0,0,0
f9bd7e777361dbd947f299ca037b45ca,socioambiental,2021-05-17,0,0,0
f9bd7e777361dbd947f299ca037b45ca,socioambiental,2021-05-10,0,0,0
f9bd7e777361dbd947f299ca037b45ca,socioambiental,2021-05-03,0,0,0
f9bd7e777361dbd947f299ca037b45ca,socioambiental,2021-04-26,0,0,0
f9bd7e777361dbd947f299ca037b45ca,socioambiental,2021-04-19,0,0,0
663313c62d2109a93efb68e844c519a2,socioambiental,2021-07-12,0,0,0
663313c62d2109a93efb68e844c519a2,socioambiental,2021-07-05,0,0,0
663313c62d2109a93efb68e844c519a2,socioambiental,2021-06-28,0,0,0
663313c62d2109a93efb68e844c519a2,socioambiental,2021-06-21,0,0,0
663313c62d2109a93efb68e844c519a2,socioambiental,2021-06-14,0,0,0
663313c62d2109a93efb68e844c519a2,socioambiental,2021-06-07,0,0,0
663313c62d2109a93efb68e844c519a2,socioambiental,2021-05-31,0,0,0
663313c62d2109a93efb68e844c519a2,socioambiental,2021-05-24,0,0,0
663313c62d2109a93efb68e844c519a2,socioambiental,2021-05-17,1,8,9.67910645675657
663313c62d2109a93efb68e844c519a2,socioambiental,2021-05-10,0,0,0
663313c62d2109a93efb68e844c519a2,socioambiental,2021-05-03,0,0,0
663313c62d2109a93efb68e844c519a2,socioambiental,2021-04-26,0,0,0
663313c62d2109a93efb68e844c519a2,socioambiental,2021-04-19,0,0,0
27801502fe8b57eb8c5a318fcfe79d57,socioambiental,2021-07-12,0,0,0
27801502fe8b57eb8c5a318fcfe79d57,socioambiental,2021-07-05,0,0,0
27801502fe8b57eb8c5a318fcfe79d57,socioambiental,2021-06-28,0,0,0
27801502fe8b57eb8c5a318fcfe79d57,socioambiental,2021-06-21,0,0,0
27801502fe8b57eb8c5a318fcfe79d57,socioambiental,2021-06-14,1,10,13.5712626822047
27801502fe8b57eb8c5a318fcfe79d57,socioambiental,2021-06-07,0,0,0
27801502fe8b57eb8c5a318fcfe79d57,socioambiental,2021-05-31,0,0,0
27801502fe8b57eb8c5a318fcfe79d57,socioambiental,2021-05-24,0,0,0
27801502fe8b57eb8c5a318fcfe79d57,socioambiental,2021-05-17,0,0,0
27801502fe8b57eb8c5a318fcfe79d57,socioambiental,2021-05-10,0,0,0
27801502fe8b57eb8c5a318fcfe79d57,socioambiental,2021-05-03,0,0,0
27801502fe8b57eb8c5a318fcfe79d57,socioambiental,2021-04-26,0,0,0
27801502fe8b57eb8c5a318fcfe79d57,socioambiental,2021-04-19,0,0,0
1434e6c2a75e7f094dcdff676b61c30d,socioambiental,2021-07-12,0,0,0
1434e6c2a75e7f094dcdff676b61c30d,socioambiental,2021-07-05,0,0,0
1434e6c2a75e7f094dcdff676b61c30d,socioambiental,2021-06-28,0,0,0
1434e6c2a75e7f094dcdff676b61c30d,socioambiental,2021-06-21,0,0,0
1434e6c2a75e7f094dcdff676b61c30d,socioambiental,2021-06-14,0,0,0
1434e6c2a75e7f094dcdff676b61c30d,socioambiental,2021-06-07,0,0,0
1434e6c2a75e7f094dcdff676b61c30d,socioambiental,2021-05-31,0,0,0
1434e6c2a75e7f094dcdff676b61c30d,socioambiental,2021-05-24,0,0,0
1434e6c2a75e7f094dcdff676b61c30d,socioambiental,2021-05-17,0,0,0
1434e6c2a75e7f094dcdff676b61c30d,socioambiental,2021-05-10,0,0,0
1434e6c2a75e7f094dcdff676b61c30d,socioambiental,2021-05-03,0,0,0
1434e6c2a75e7f094dcdff676b61c30d,socioambiental,2021-04-26,1,1,0.704225352112676
1434e6c2a75e7f094dcdff676b61c30d,socioambiental,2021-04-19,0,0,0
da30049ad4ab038464e5af011b96ef73,socioambiental,2021-07-12,0,0,0
da30049ad4ab038464e5af011b96ef73,socioambiental,2021-07-05,0,0,0
da30049ad4ab038464e5af011b96ef73,socioambiental,2021-06-28,1,8117,47.6062376869458
da30049ad4ab038464e5af011b96ef73,socioambiental,2021-06-21,0,0,0
da30049ad4ab038464e5af011b96ef73,socioambiental,2021-06-14,0,0,0
da30049ad4ab038464e5af011b96ef73,socioambiental,2021-06-07,0,0,0
da30049ad4ab038464e5af011b96ef73,socioambiental,2021-05-31,0,0,0
da30049ad4ab038464e5af011b96ef73,socioambiental,2021-05-24,0,0,0
da30049ad4ab038464e5af011b96ef73,socioambiental,2021-05-17,0,0,0
da30049ad4ab038464e5af011b96ef73,socioambiental,2021-05-10,0,0,0
da30049ad4ab038464e5af011b96ef73,socioambiental,2021-05-03,0,0,0
da30049ad4ab038464e5af011b96ef73,socioambiental,2021-04-26,0,0,0
da30049ad4ab038464e5af011b96ef73,socioambiental,2021-04-19,0,0,0
1ae708c5fbb1605c0282b043b45ccbec,socioambiental,2021-07-12,0,0,0
1ae708c5fbb1605c0282b043b45ccbec,socioambiental,2021-07-05,0,0,0
1ae708c5fbb1605c0282b043b45ccbec,socioambiental,2021-06-28,0,0,0
1ae708c5fbb1605c0282b043b45ccbec,socioambiental,2021-06-21,0,0,0
1ae708c5fbb1605c0282b043b45ccbec,socioambiental,2021-06-14,3,102,28.7613615063784
1ae708c5fbb1605c0282b043b45ccbec,socioambiental,2021-06-07,0,0,0
1ae708c5fbb1605c0282b043b45ccbec,socioambiental,2021-05-31,0,0,0
1ae708c5fbb1605c0282b043b45ccbec,socioambiental,2021-05-24,1,4,6.35846258963897
1ae708c5fbb1605c0282b043b45ccbec,socioambiental,2021-05-17,1,10,10.6325990613665
1ae708c5fbb1605c0282b043b45ccbec,socioambiental,2021-05-10,0,0,0
1ae708c5fbb1605c0282b043b45ccbec,socioambiental,2021-05-03,0,0,0
1ae708c5fbb1605c0282b043b45ccbec,socioambiental,2021-04-26,1,15,12.42553045142
1ae708c5fbb1605c0282b043b45ccbec,socioambiental,2021-04-19,3,1251,37.4542902409321
779dc69d691a587a5b74bf4b3cb2ed31,socioambiental,2021-07-12,0,0,0
779dc69d691a587a5b74bf4b3cb2ed31,socioambiental,2021-07-05,0,0,0
779dc69d691a587a5b74bf4b3cb2ed31,socioambiental,2021-06-28,0,0,0
779dc69d691a587a5b74bf4b3cb2ed31,socioambiental,2021-06-21,1,0,1.66666666666667
779dc69d691a587a5b74bf4b3cb2ed31,socioambiental,2021-06-14,0,0,0
779dc69d691a587a5b74bf4b3cb2ed31,socioambiental,2021-06-07,0,0,0
779dc69d691a587a5b74bf4b3cb2ed31,socioambiental,2021-05-31,0,0,0
779dc69d691a587a5b74bf4b3cb2ed31,socioambiental,2021-05-24,0,0,0
779dc69d691a587a5b74bf4b3cb2ed31,socioambiental,2021-05-17,0,0,0
779dc69d691a587a5b74bf4b3cb2ed31,socioambiental,2021-05-10,0,0,0
779dc69d691a587a5b74bf4b3cb2ed31,socioambiental,2021-05-03,0,0,0
779dc69d691a587a5b74bf4b3cb2ed31,socioambiental,2021-04-26,0,0,0
779dc69d691a587a5b74bf4b3cb2ed31,socioambiental,2021-04-19,0,0,0
8f7e86d3feb94a434b529c72db29d8ea,socioambiental,2021-07-12,2,197,49.8434820605605
8f7e86d3feb94a434b529c72db29d8ea,socioambiental,2021-07-05,27,29372,85.2103245019795
8f7e86d3feb94a434b529c72db29d8ea,socioambiental,2021-06-28,2,50,23.3880108683313
8f7e86d3feb94a434b529c72db29d8ea,socioambiental,2021-06-21,0,0,0
8f7e86d3feb94a434b529c72db29d8ea,socioambiental,2021-06-14,4,1600,44.6898327640825
8f7e86d3feb94a434b529c72db29d8ea,socioambiental,2021-06-07,10,14878,54.9430469758833
8f7e86d3feb94a434b529c72db29d8ea,socioambiental,2021-05-31,0,0,0
8f7e86d3feb94a434b529c72db29d8ea,socioambiental,2021-05-24,0,0,0
8f7e86d3feb94a434b529c72db29d8ea,socioambiental,2021-05-17,1,5,7.6707805069979
8f7e86d3feb94a434b529c72db29d8ea,socioambiental,2021-05-10,0,0,0
8f7e86d3feb94a434b529c72db29d8ea,socioambiental,2021-05-03,2,16,19.7867077878001
8f7e86d3feb94a434b529c72db29d8ea,socioambiental,2021-04-26,1,588,28.304733666498
8f7e86d3feb94a434b529c72db29d8ea,socioambiental,2021-04-19,0,0,0
ac0895d39170e55f4291d527a06f71fc,socioambiental,2021-07-12,0,0,0
ac0895d39170e55f4291d527a06f71fc,socioambiental,2021-07-05,0,0,0
ac0895d39170e55f4291d527a06f71fc,socioambiental,2021-06-28,0,0,0
ac0895d39170e55f4291d527a06f71fc,socioambiental,2021-06-21,0,0,0
ac0895d39170e55f4291d527a06f71fc,socioambiental,2021-06-14,0,0,0
ac0895d39170e55f4291d527a06f71fc,socioambiental,2021-06-07,0,0,0
ac0895d39170e55f4291d527a06f71fc,socioambiental,2021-05-31,0,0,0
ac0895d39170e55f4291d527a06f71fc,socioambiental,2021-05-24,0,0,0
ac0895d39170e55f4291d527a06f71fc,socioambiental,2021-05-17,0,0,0
ac0895d39170e55f4291d527a06f71fc,socioambiental,2021-05-10,0,0,0
ac0895d39170e55f4291d527a06f71fc,socioambiental,2021-05-03,0,0,0
ac0895d39170e55f4291d527a06f71fc,socioambiental,2021-04-26,0,0,0
ac0895d39170e55f4291d527a06f71fc,socioambiental,2021-04-19,2,433,31.0913321095253
de3f5ea41b23d966b9a59c20a29ed2c8,socioambiental,2021-07-12,0,0,0
de3f5ea41b23d966b9a59c20a29ed2c8,socioambiental,2021-07-05,0,0,0
de3f5ea41b23d966b9a59c20a29ed2c8,socioambiental,2021-06-28,0,0,0
de3f5ea41b23d966b9a59c20a29ed2c8,socioambiental,2021-06-21,0,0,0
de3f5ea41b23d966b9a59c20a29ed2c8,socioambiental,2021-06-14,0,0,0
de3f5ea41b23d966b9a59c20a29ed2c8,socioambiental,2021-06-07,1,2,4.32099936490871
de3f5ea41b23d966b9a59c20a29ed2c8,socioambiental,2021-05-31,0,0,0
de3f5ea41b23d966b9a59c20a29ed2c8,socioambiental,2021-05-24,0,0,0
de3f5ea41b23d966b9a59c20a29ed2c8,socioambiental,2021-05-17,0,0,0
de3f5ea41b23d966b9a59c20a29ed2c8,socioambiental,2021-05-10,0,0,0
de3f5ea41b23d966b9a59c20a29ed2c8,socioambiental,2021-05-03,0,0,0
de3f5ea41b23d966b9a59c20a29ed2c8,socioambiental,2021-04-26,0,0,0
de3f5ea41b23d966b9a59c20a29ed2c8,socioambiental,2021-04-19,0,0,0
40ccf3c29d8d8c799dd114d48ab95c6b,socioambiental,2021-07-12,0,0,0
40ccf3c29d8d8c799dd114d48ab95c6b,socioambiental,2021-07-12,0,0,0
40ccf3c29d8d8c799dd114d48ab95c6b,socioambiental,2021-07-05,0,0,0
40ccf3c29d8d8c799dd114d48ab95c6b,socioambiental,2021-07-05,0,0,0
40ccf3c29d8d8c799dd114d48ab95c6b,socioambiental,2021-06-28,0,0,0
40ccf3c29d8d8c799dd114d48ab95c6b,socioambiental,2021-06-28,0,0,0
40ccf3c29d8d8c799dd114d48ab95c6b,socioambiental,2021-06-21,0,0,0
40ccf3c29d8d8c799dd114d48ab95c6b,socioambiental,2021-06-21,0,0,0
40ccf3c29d8d8c799dd114d48ab95c6b,socioambiental,2021-06-14,0,0,0
40ccf3c29d8d8c799dd114d48ab95c6b,socioambiental,2021-06-14,0,0,0
40ccf3c29d8d8c799dd114d48ab95c6b,socioambiental,2021-06-07,0,0,0
40ccf3c29d8d8c799dd114d48ab95c6b,socioambiental,2021-06-07,0,0,0
40ccf3c29d8d8c799dd114d48ab95c6b,socioambiental,2021-05-31,0,0,0
40ccf3c29d8d8c799dd114d48ab95c6b,socioambiental,2021-05-31,0,0,0
40ccf3c29d8d8c799dd114d48ab95c6b,socioambiental,2021-05-24,0,0,0
40ccf3c29d8d8c799dd114d48ab95c6b,socioambiental,2021-05-24,0,0,0
40ccf3c29d8d8c799dd114d48ab95c6b,socioambiental,2021-05-17,1,5,7.6707805069979
40ccf3c29d8d8c799dd114d48ab95c6b,socioambiental,2021-05-17,1,5,7.6707805069979
40ccf3c29d8d8c799dd114d48ab95c6b,socioambiental,2021-05-10,0,0,0
40ccf3c29d8d8c799dd114d48ab95c6b,socioambiental,2021-05-10,0,0,0
40ccf3c29d8d8c799dd114d48ab95c6b,socioambiental,2021-05-03,0,0,0
40ccf3c29d8d8c799dd114d48ab95c6b,socioambiental,2021-05-03,0,0,0
40ccf3c29d8d8c799dd114d48ab95c6b,socioambiental,2021-04-26,0,0,0
40ccf3c29d8d8c799dd114d48ab95c6b,socioambiental,2021-04-26,0,0,0
40ccf3c29d8d8c799dd114d48ab95c6b,socioambiental,2021-04-19,0,0,0
40ccf3c29d8d8c799dd114d48ab95c6b,socioambiental,2021-04-19,0,0,0
ee5d0f87d3b1977cc3ff12b607eb1c2b,socioambiental,2021-07-12,1,19,26.6323913225582
ee5d0f87d3b1977cc3ff12b607eb1c2b,socioambiental,2021-07-12,1,19,26.6323913225582
ee5d0f87d3b1977cc3ff12b607eb1c2b,socioambiental,2021-07-05,1,15,13.1765366647214
ee5d0f87d3b1977cc3ff12b607eb1c2b,socioambiental,2021-07-05,1,15,13.1765366647214
ee5d0f87d3b1977cc3ff12b607eb1c2b,socioambiental,2021-06-28,0,0,0
ee5d0f87d3b1977cc3ff12b607eb1c2b,socioambiental,2021-06-28,0,0,0
ee5d0f87d3b1977cc3ff12b607eb1c2b,socioambiental,2021-06-21,0,0,0
ee5d0f87d3b1977cc3ff12b607eb1c2b,socioambiental,2021-06-21,0,0,0
ee5d0f87d3b1977cc3ff12b607eb1c2b,socioambiental,2021-06-14,0,0,0
ee5d0f87d3b1977cc3ff12b607eb1c2b,socioambiental,2021-06-14,0,0,0
ee5d0f87d3b1977cc3ff12b607eb1c2b,socioambiental,2021-06-07,0,0,0
ee5d0f87d3b1977cc3ff12b607eb1c2b,socioambiental,2021-06-07,0,0,0
ee5d0f87d3b1977cc3ff12b607eb1c2b,socioambiental,2021-05-31,0,0,0
ee5d0f87d3b1977cc3ff12b607eb1c2b,socioambiental,2021-05-31,0,0,0
ee5d0f87d3b1977cc3ff12b607eb1c2b,socioambiental,2021-05-24,0,0,0
ee5d0f87d3b1977cc3ff12b607eb1c2b,socioambiental,2021-05-24,0,0,0
ee5d0f87d3b1977cc3ff12b607eb1c2b,socioambiental,2021-05-17,0,0,0
ee5d0f87d3b1977cc3ff12b607eb1c2b,socioambiental,2021-05-17,0,0,0
ee5d0f87d3b1977cc3ff12b607eb1c2b,socioambiental,2021-05-10,0,0,0
ee5d0f87d3b1977cc3ff12b607eb1c2b,socioambiental,2021-05-10,0,0,0
ee5d0f87d3b1977cc3ff12b607eb1c2b,socioambiental,2021-05-03,0,0,0
ee5d0f87d3b1977cc3ff12b607eb1c2b,socioambiental,2021-05-03,0,0,0
ee5d0f87d3b1977cc3ff12b607eb1c2b,socioambiental,2021-04-26,0,0,0
ee5d0f87d3b1977cc3ff12b607eb1c2b,socioambiental,2021-04-26,0,0,0
ee5d0f87d3b1977cc3ff12b607eb1c2b,socioambiental,2021-04-19,0,0,0
ee5d0f87d3b1977cc3ff12b607eb1c2b,socioambiental,2021-04-19,0,0,0
4b69853c0c0f48dbb3ab7ea05f910e98,socioambiental,2021-07-12,0,0,0
4b69853c0c0f48dbb3ab7ea05f910e98,socioambiental,2021-07-05,0,0,0
4b69853c0c0f48dbb3ab7ea05f910e98,socioambiental,2021-06-28,0,0,0
4b69853c0c0f48dbb3ab7ea05f910e98,socioambiental,2021-06-21,0,0,0
4b69853c0c0f48dbb3ab7ea05f910e98,socioambiental,2021-06-14,0,0,0
4b69853c0c0f48dbb3ab7ea05f910e98,socioambiental,2021-06-07,0,0,0
4b69853c0c0f48dbb3ab7ea05f910e98,socioambiental,2021-05-31,0,0,0
4b69853c0c0f48dbb3ab7ea05f910e98,socioambiental,2021-05-24,0,0,0
4b69853c0c0f48dbb3ab7ea05f910e98,socioambiental,2021-05-17,0,0,0
4b69853c0c0f48dbb3ab7ea05f910e98,socioambiental,2021-05-10,0,0,0
4b69853c0c0f48dbb3ab7ea05f910e98,socioambiental,2021-05-03,0,0,0
4b69853c0c0f48dbb3ab7ea05f910e98,socioambiental,2021-04-26,1,5,7.6703860245973
4b69853c0c0f48dbb3ab7ea05f910e98,socioambiental,2021-04-19,0,0,0
2f6322d2b49d4689d0e15f8a669bb6cd,socioambiental,2021-07-12,0,0,0
2f6322d2b49d4689d0e15f8a669bb6cd,socioambiental,2021-07-05,0,0,0
2f6322d2b49d4689d0e15f8a669bb6cd,socioambiental,2021-06-28,0,0,0
2f6322d2b49d4689d0e15f8a669bb6cd,socioambiental,2021-06-21,0,0,0
2f6322d2b49d4689d0e15f8a669bb6cd,socioambiental,2021-06-14,0,0,0
2f6322d2b49d4689d0e15f8a669bb6cd,socioambiental,2021-06-07,0,0,0
2f6322d2b49d4689d0e15f8a669bb6cd,socioambiental,2021-05-31,0,0,0
2f6322d2b49d4689d0e15f8a669bb6cd,socioambiental,2021-05-24,0,0,0
2f6322d2b49d4689d0e15f8a669bb6cd,socioambiental,2021-05-17,0,0,0
2f6322d2b49d4689d0e15f8a669bb6cd,socioambiental,2021-05-10,0,0,0
2f6322d2b49d4689d0e15f8a669bb6cd,socioambiental,2021-05-03,0,0,0
2f6322d2b49d4689d0e15f8a669bb6cd,socioambiental,2021-04-26,0,0,0
2f6322d2b49d4689d0e15f8a669bb6cd,socioambiental,2021-04-19,0,0,0
11d9a94f13ace5c2635bf29f9c146abb,socioambiental,2021-07-12,0,0,0
11d9a94f13ace5c2635bf29f9c146abb,socioambiental,2021-07-05,0,0,0
11d9a94f13ace5c2635bf29f9c146abb,socioambiental,2021-06-28,1,48,21.4558016268696
11d9a94f13ace5c2635bf29f9c146abb,socioambiental,2021-06-21,0,0,0
11d9a94f13ace5c2635bf29f9c146abb,socioambiental,2021-06-14,0,0,0
11d9a94f13ace5c2635bf29f9c146abb,socioambiental,2021-06-07,0,0,0
11d9a94f13ace5c2635bf29f9c146abb,socioambiental,2021-05-31,0,0,0
11d9a94f13ace5c2635bf29f9c146abb,socioambiental,2021-05-24,0,0,0
11d9a94f13ace5c2635bf29f9c146abb,socioambiental,2021-05-17,0,0,0
11d9a94f13ace5c2635bf29f9c146abb,socioambiental,2021-05-10,0,0,0
11d9a94f13ace5c2635bf29f9c146abb,socioambiental,2021-05-03,0,0,0
11d9a94f13ace5c2635bf29f9c146abb,socioambiental,2021-04-26,0,0,0
11d9a94f13ace5c2635bf29f9c146abb,socioambiental,2021-04-19,0,0,0
683cdf202e465941c7ec181ed701b894,socioambiental,2021-07-12,0,0,0
683cdf202e465941c7ec181ed701b894,socioambiental,2021-07-05,0,0,0
683cdf202e465941c7ec181ed701b894,socioambiental,2021-06-28,0,0,0
683cdf202e465941c7ec181ed701b894,socioambiental,2021-06-21,0,0,0
683cdf202e465941c7ec181ed701b894,socioambiental,2021-06-14,0,0,0
683cdf202e465941c7ec181ed701b894,socioambiental,2021-06-07,0,0,0
683cdf202e465941c7ec181ed701b894,socioambiental,2021-05-31,1,14,14.4741355511554
683cdf202e465941c7ec181ed701b894,socioambiental,2021-05-24,1,11,10.5789563623525
683cdf202e465941c7ec181ed701b894,socioambiental,2021-05-17,1,0,0.793650793650794
683cdf202e465941c7ec181ed701b894,socioambiental,2021-05-10,5,506,28.7927414031354
683cdf202e465941c7ec181ed701b894,socioambiental,2021-05-03,14,2249,75.1588839746516
683cdf202e465941c7ec181ed701b894,socioambiental,2021-04-26,71,103967,100
683cdf202e465941c7ec181ed701b894,socioambiental,2021-04-19,1,11,12.5808616399061
79080cbe69b69361af3f19954e6684ca,socioambiental,2021-07-12,0,0,0
79080cbe69b69361af3f19954e6684ca,socioambiental,2021-07-05,0,0,0
79080cbe69b69361af3f19954e6684ca,socioambiental,2021-06-28,0,0,0
79080cbe69b69361af3f19954e6684ca,socioambiental,2021-06-21,0,0,0
79080cbe69b69361af3f19954e6684ca,socioambiental,2021-06-14,0,0,0
79080cbe69b69361af3f19954e6684ca,socioambiental,2021-06-07,0,0,0
79080cbe69b69361af3f19954e6684ca,socioambiental,2021-05-31,0,0,0
79080cbe69b69361af3f19954e6684ca,socioambiental,2021-05-24,0,0,0
79080cbe69b69361af3f19954e6684ca,socioambiental,2021-05-17,0,0,0
79080cbe69b69361af3f19954e6684ca,socioambiental,2021-05-10,2,968,29.6966568721445
79080cbe69b69361af3f19954e6684ca,socioambiental,2021-05-03,0,0,0
79080cbe69b69361af3f19954e6684ca,socioambiental,2021-04-26,0,0,0
79080cbe69b69361af3f19954e6684ca,socioambiental,2021-04-19,0,0,0
467e50ee465439697699737e87558cd0,socioambiental,2021-07-12,0,0,0
467e50ee465439697699737e87558cd0,socioambiental,2021-07-05,0,0,0
467e50ee465439697699737e87558cd0,socioambiental,2021-06-28,0,0,0
467e50ee465439697699737e87558cd0,socioambiental,2021-06-21,0,0,0
467e50ee465439697699737e87558cd0,socioambiental,2021-06-14,0,0,0
467e50ee465439697699737e87558cd0,socioambiental,2021-06-07,0,0,0
467e50ee465439697699737e87558cd0,socioambiental,2021-05-31,0,0,0
467e50ee465439697699737e87558cd0,socioambiental,2021-05-24,1,3,5.15822603262611
467e50ee465439697699737e87558cd0,socioambiental,2021-05-17,0,0,0
467e50ee465439697699737e87558cd0,socioambiental,2021-05-10,0,0,0
467e50ee465439697699737e87558cd0,socioambiental,2021-05-03,0,0,0
467e50ee465439697699737e87558cd0,socioambiental,2021-04-26,0,0,0
467e50ee465439697699737e87558cd0,socioambiental,2021-04-19,0,0,0
9365bf8da2953679ce72de33d4648f66,socioambiental,2021-07-12,0,0,0
9365bf8da2953679ce72de33d4648f66,socioambiental,2021-07-05,0,0,0
9365bf8da2953679ce72de33d4648f66,socioambiental,2021-06-28,0,0,0
9365bf8da2953679ce72de33d4648f66,socioambiental,2021-06-21,0,0,0
9365bf8da2953679ce72de33d4648f66,socioambiental,2021-06-14,0,0,0
9365bf8da2953679ce72de33d4648f66,socioambiental,2021-06-07,0,0,0
9365bf8da2953679ce72de33d4648f66,socioambiental,2021-05-31,0,0,0
9365bf8da2953679ce72de33d4648f66,socioambiental,2021-05-24,0,0,0
9365bf8da2953679ce72de33d4648f66,socioambiental,2021-05-17,0,0,0
9365bf8da2953679ce72de33d4648f66,socioambiental,2021-05-10,0,0,0
9365bf8da2953679ce72de33d4648f66,socioambiental,2021-05-03,0,0,0
9365bf8da2953679ce72de33d4648f66,socioambiental,2021-04-26,1,1,0.704225352112676
9365bf8da2953679ce72de33d4648f66,socioambiental,2021-04-19,0,0,0
aa21cbb14af4f093f0160f139d1e42a7,socioambiental,2021-07-12,1,21,27.1977374748856
aa21cbb14af4f093f0160f139d1e42a7,socioambiental,2021-07-05,0,0,0
aa21cbb14af4f093f0160f139d1e42a7,socioambiental,2021-06-28,0,0,0
aa21cbb14af4f093f0160f139d1e42a7,socioambiental,2021-06-21,0,0,0
aa21cbb14af4f093f0160f139d1e42a7,socioambiental,2021-06-14,0,0,0
aa21cbb14af4f093f0160f139d1e42a7,socioambiental,2021-06-07,0,0,0
aa21cbb14af4f093f0160f139d1e42a7,socioambiental,2021-05-31,0,0,0
aa21cbb14af4f093f0160f139d1e42a7,socioambiental,2021-05-24,0,0,0
aa21cbb14af4f093f0160f139d1e42a7,socioambiental,2021-05-17,0,0,0
aa21cbb14af4f093f0160f139d1e42a7,socioambiental,2021-05-10,1,6,8.024255547962
aa21cbb14af4f093f0160f139d1e42a7,socioambiental,2021-05-03,0,0,0
aa21cbb14af4f093f0160f139d1e42a7,socioambiental,2021-04-26,0,0,0
aa21cbb14af4f093f0160f139d1e42a7,socioambiental,2021-04-19,0,0,0
bbecce8638cc609716b1a8f3057cd858,socioambiental,2021-07-12,0,0,0
bbecce8638cc609716b1a8f3057cd858,socioambiental,2021-07-05,0,0,0
bbecce8638cc609716b1a8f3057cd858,socioambiental,2021-06-28,0,0,0
bbecce8638cc609716b1a8f3057cd858,socioambiental,2021-06-21,1,324,28.8661783164283
bbecce8638cc609716b1a8f3057cd858,socioambiental,2021-06-14,0,0,0
bbecce8638cc609716b1a8f3057cd858,socioambiental,2021-06-07,2,266,27.043687678344
bbecce8638cc609716b1a8f3057cd858,socioambiental,2021-05-31,0,0,0
bbecce8638cc609716b1a8f3057cd858,socioambiental,2021-05-24,0,0,0
bbecce8638cc609716b1a8f3057cd858,socioambiental,2021-05-17,0,0,0
bbecce8638cc609716b1a8f3057cd858,socioambiental,2021-05-10,0,0,0
bbecce8638cc609716b1a8f3057cd858,socioambiental,2021-05-03,0,0,0
bbecce8638cc609716b1a8f3057cd858,socioambiental,2021-04-26,0,0,0
bbecce8638cc609716b1a8f3057cd858,socioambiental,2021-04-19,2,257,28.6651535761882
c876743ac8ee1ca48bad8242715402cc,socioambiental,2021-07-12,0,0,0
c876743ac8ee1ca48bad8242715402cc,socioambiental,2021-07-12,0,0,0
c876743ac8ee1ca48bad8242715402cc,socioambiental,2021-07-05,0,0,0
c876743ac8ee1ca48bad8242715402cc,socioambiental,2021-07-05,0,0,0
c876743ac8ee1ca48bad8242715402cc,socioambiental,2021-06-28,1,13,14.7977856118636
c876743ac8ee1ca48bad8242715402cc,socioambiental,2021-06-28,1,13,14.7977856118636
c876743ac8ee1ca48bad8242715402cc,socioambiental,2021-06-21,0,0,0
c876743ac8ee1ca48bad8242715402cc,socioambiental,2021-06-21,0,0,0
c876743ac8ee1ca48bad8242715402cc,socioambiental,2021-06-14,0,0,0
c876743ac8ee1ca48bad8242715402cc,socioambiental,2021-06-14,0,0,0
c876743ac8ee1ca48bad8242715402cc,socioambiental,2021-06-07,0,0,0
c876743ac8ee1ca48bad8242715402cc,socioambiental,2021-06-07,0,0,0
c876743ac8ee1ca48bad8242715402cc,socioambiental,2021-05-31,0,0,0
c876743ac8ee1ca48bad8242715402cc,socioambiental,2021-05-31,0,0,0
c876743ac8ee1ca48bad8242715402cc,socioambiental,2021-05-24,0,0,0
c876743ac8ee1ca48bad8242715402cc,socioambiental,2021-05-24,0,0,0
c876743ac8ee1ca48bad8242715402cc,socioambiental,2021-05-17,0,0,0
c876743ac8ee1ca48bad8242715402cc,socioambiental,2021-05-17,0,0,0
c876743ac8ee1ca48bad8242715402cc,socioambiental,2021-05-10,0,0,0
c876743ac8ee1ca48bad8242715402cc,socioambiental,2021-05-10,0,0,0
c876743ac8ee1ca48bad8242715402cc,socioambiental,2021-05-03,0,0,0
c876743ac8ee1ca48bad8242715402cc,socioambiental,2021-05-03,0,0,0
c876743ac8ee1ca48bad8242715402cc,socioambiental,2021-04-26,0,0,0
c876743ac8ee1ca48bad8242715402cc,socioambiental,2021-04-26,0,0,0
c876743ac8ee1ca48bad8242715402cc,socioambiental,2021-04-19,0,0,0
c876743ac8ee1ca48bad8242715402cc,socioambiental,2021-04-19,0,0,0
8cc3fa39c93a0cdea57009e9e58691ca,socioambiental,2021-07-12,0,0,0
8cc3fa39c93a0cdea57009e9e58691ca,socioambiental,2021-07-05,2,191,25.6476028611461
8cc3fa39c93a0cdea57009e9e58691ca,socioambiental,2021-06-28,0,0,0
8cc3fa39c93a0cdea57009e9e58691ca,socioambiental,2021-06-21,0,0,0
8cc3fa39c93a0cdea57009e9e58691ca,socioambiental,2021-06-14,0,0,0
8cc3fa39c93a0cdea57009e9e58691ca,socioambiental,2021-06-07,0,0,0
8cc3fa39c93a0cdea57009e9e58691ca,socioambiental,2021-05-31,0,0,0
8cc3fa39c93a0cdea57009e9e58691ca,socioambiental,2021-05-24,0,0,0
8cc3fa39c93a0cdea57009e9e58691ca,socioambiental,2021-05-17,0,0,0
8cc3fa39c93a0cdea57009e9e58691ca,socioambiental,2021-05-10,0,0,0
8cc3fa39c93a0cdea57009e9e58691ca,socioambiental,2021-05-03,0,0,0
8cc3fa39c93a0cdea57009e9e58691ca,socioambiental,2021-04-26,0,0,0
8cc3fa39c93a0cdea57009e9e58691ca,socioambiental,2021-04-19,0,0,0
708594c916421646c66642859710e505,socioambiental,2021-07-12,0,0,0
708594c916421646c66642859710e505,socioambiental,2021-07-05,0,0,0
708594c916421646c66642859710e505,socioambiental,2021-06-28,0,0,0
708594c916421646c66642859710e505,socioambiental,2021-06-21,1,5,9.23938203264486
708594c916421646c66642859710e505,socioambiental,2021-06-14,0,0,0
708594c916421646c66642859710e505,socioambiental,2021-06-07,0,0,0
708594c916421646c66642859710e505,socioambiental,2021-05-31,0,0,0
708594c916421646c66642859710e505,socioambiental,2021-05-24,0,0,0
708594c916421646c66642859710e505,socioambiental,2021-05-17,0,0,0
708594c916421646c66642859710e505,socioambiental,2021-05-10,0,0,0
708594c916421646c66642859710e505,socioambiental,2021-05-03,0,0,0
708594c916421646c66642859710e505,socioambiental,2021-04-26,0,0,0
708594c916421646c66642859710e505,socioambiental,2021-04-19,0,0,0
44e86d21ea623b627cd744f6cb8aede4,socioambiental,2021-07-12,0,0,0
44e86d21ea623b627cd744f6cb8aede4,socioambiental,2021-07-05,0,0,0
44e86d21ea623b627cd744f6cb8aede4,socioambiental,2021-06-28,0,0,0
44e86d21ea623b627cd744f6cb8aede4,socioambiental,2021-06-21,0,0,0
44e86d21ea623b627cd744f6cb8aede4,socioambiental,2021-06-14,0,0,0
44e86d21ea623b627cd744f6cb8aede4,socioambiental,2021-06-07,0,0,0
44e86d21ea623b627cd744f6cb8aede4,socioambiental,2021-05-31,0,0,0
44e86d21ea623b627cd744f6cb8aede4,socioambiental,2021-05-24,0,0,0
44e86d21ea623b627cd744f6cb8aede4,socioambiental,2021-05-17,0,0,0
44e86d21ea623b627cd744f6cb8aede4,socioambiental,2021-05-10,0,0,0
44e86d21ea623b627cd744f6cb8aede4,socioambiental,2021-05-03,0,0,0
44e86d21ea623b627cd744f6cb8aede4,socioambiental,2021-04-26,0,0,0
44e86d21ea623b627cd744f6cb8aede4,socioambiental,2021-04-19,1,5079,41.1138070532355
eebe22cd305ac44bf5ac393df7fc0611,socioambiental,2021-07-12,0,0,0
eebe22cd305ac44bf5ac393df7fc0611,socioambiental,2021-07-05,0,0,0
eebe22cd305ac44bf5ac393df7fc0611,socioambiental,2021-06-28,0,0,0
eebe22cd305ac44bf5ac393df7fc0611,socioambiental,2021-06-21,0,0,0
eebe22cd305ac44bf5ac393df7fc0611,socioambiental,2021-06-14,0,0,0
eebe22cd305ac44bf5ac393df7fc0611,socioambiental,2021-06-07,2,103,22.8840305222112
eebe22cd305ac44bf5ac393df7fc0611,socioambiental,2021-05-31,0,0,0
eebe22cd305ac44bf5ac393df7fc0611,socioambiental,2021-05-24,0,0,0
eebe22cd305ac44bf5ac393df7fc0611,socioambiental,2021-05-17,0,0,0
eebe22cd305ac44bf5ac393df7fc0611,socioambiental,2021-05-10,0,0,0
eebe22cd305ac44bf5ac393df7fc0611,socioambiental,2021-05-03,0,0,0
eebe22cd305ac44bf5ac393df7fc0611,socioambiental,2021-04-26,0,0,0
eebe22cd305ac44bf5ac393df7fc0611,socioambiental,2021-04-19,0,0,0
b7139f15844c740a385ca58de3cb18de,socioambiental,2021-07-12,0,0,0
b7139f15844c740a385ca58de3cb18de,socioambiental,2021-07-05,0,0,0
b7139f15844c740a385ca58de3cb18de,socioambiental,2021-06-28,0,0,0
b7139f15844c740a385ca58de3cb18de,socioambiental,2021-06-21,0,0,0
b7139f15844c740a385ca58de3cb18de,socioambiental,2021-06-14,0,0,0
b7139f15844c740a385ca58de3cb18de,socioambiental,2021-06-07,11,6903,52.8582926126661
b7139f15844c740a385ca58de3cb18de,socioambiental,2021-05-31,13,4034,58.1691605272299
b7139f15844c740a385ca58de3cb18de,socioambiental,2021-05-24,0,0,0
b7139f15844c740a385ca58de3cb18de,socioambiental,2021-05-17,0,0,0
b7139f15844c740a385ca58de3cb18de,socioambiental,2021-05-10,0,0,0
b7139f15844c740a385ca58de3cb18de,socioambiental,2021-05-03,0,0,0
b7139f15844c740a385ca58de3cb18de,socioambiental,2021-04-26,0,0,0
b7139f15844c740a385ca58de3cb18de,socioambiental,2021-04-19,0,0,0
fe7cb699a293bda85e96ff3dc5213b2f,socioambiental,2021-07-12,0,0,0
fe7cb699a293bda85e96ff3dc5213b2f,socioambiental,2021-07-05,0,0,0
fe7cb699a293bda85e96ff3dc5213b2f,socioambiental,2021-06-28,0,0,0
fe7cb699a293bda85e96ff3dc5213b2f,socioambiental,2021-06-21,0,0,0
fe7cb699a293bda85e96ff3dc5213b2f,socioambiental,2021-06-14,0,0,0
fe7cb699a293bda85e96ff3dc5213b2f,socioambiental,2021-06-07,0,0,0
fe7cb699a293bda85e96ff3dc5213b2f,socioambiental,2021-05-31,0,0,0
fe7cb699a293bda85e96ff3dc5213b2f,socioambiental,2021-05-24,0,0,0
fe7cb699a293bda85e96ff3dc5213b2f,socioambiental,2021-05-17,0,0,0
fe7cb699a293bda85e96ff3dc5213b2f,socioambiental,2021-05-10,1,5,7.26831143230811
fe7cb699a293bda85e96ff3dc5213b2f,socioambiental,2021-05-03,0,0,0
fe7cb699a293bda85e96ff3dc5213b2f,socioambiental,2021-04-26,0,0,0
fe7cb699a293bda85e96ff3dc5213b2f,socioambiental,2021-04-19,0,0,0
988d78122ed33a61c576d0e6865600ff,socioambiental,2021-07-12,0,0,0
988d78122ed33a61c576d0e6865600ff,socioambiental,2021-07-05,0,0,0
988d78122ed33a61c576d0e6865600ff,socioambiental,2021-06-28,0,0,0
988d78122ed33a61c576d0e6865600ff,socioambiental,2021-06-21,0,0,0
988d78122ed33a61c576d0e6865600ff,socioambiental,2021-06-14,1,15,15.6942384769264
988d78122ed33a61c576d0e6865600ff,socioambiental,2021-06-07,0,0,0
988d78122ed33a61c576d0e6865600ff,socioambiental,2021-05-31,0,0,0
988d78122ed33a61c576d0e6865600ff,socioambiental,2021-05-24,0,0,0
988d78122ed33a61c576d0e6865600ff,socioambiental,2021-05-17,0,0,0
988d78122ed33a61c576d0e6865600ff,socioambiental,2021-05-10,0,0,0
988d78122ed33a61c576d0e6865600ff,socioambiental,2021-05-03,0,0,0
988d78122ed33a61c576d0e6865600ff,socioambiental,2021-04-26,0,0,0
988d78122ed33a61c576d0e6865600ff,socioambiental,2021-04-19,0,0,0
fc5673b898073f5dd47fefa92f36e1b0,socioambiental,2021-07-12,0,0,0
fc5673b898073f5dd47fefa92f36e1b0,socioambiental,2021-07-05,0,0,0
fc5673b898073f5dd47fefa92f36e1b0,socioambiental,2021-06-28,0,0,0
fc5673b898073f5dd47fefa92f36e1b0,socioambiental,2021-06-21,0,0,0
fc5673b898073f5dd47fefa92f36e1b0,socioambiental,2021-06-14,0,0,0
fc5673b898073f5dd47fefa92f36e1b0,socioambiental,2021-06-07,0,0,0
fc5673b898073f5dd47fefa92f36e1b0,socioambiental,2021-05-31,0,0,0
fc5673b898073f5dd47fefa92f36e1b0,socioambiental,2021-05-24,1,9,9.74173942157406
fc5673b898073f5dd47fefa92f36e1b0,socioambiental,2021-05-17,0,0,0
fc5673b898073f5dd47fefa92f36e1b0,socioambiental,2021-05-10,0,0,0
fc5673b898073f5dd47fefa92f36e1b0,socioambiental,2021-05-03,0,0,0
fc5673b898073f5dd47fefa92f36e1b0,socioambiental,2021-04-26,0,0,0
fc5673b898073f5dd47fefa92f36e1b0,socioambiental,2021-04-19,0,0,0
b5e4311d58efc78450865cadf4c4a3b5,socioambiental,2021-07-12,0,0,0
b5e4311d58efc78450865cadf4c4a3b5,socioambiental,2021-07-05,0,0,0
b5e4311d58efc78450865cadf4c4a3b5,socioambiental,2021-06-28,0,0,0
b5e4311d58efc78450865cadf4c4a3b5,socioambiental,2021-06-21,0,0,0
b5e4311d58efc78450865cadf4c4a3b5,socioambiental,2021-06-14,0,0,0
b5e4311d58efc78450865cadf4c4a3b5,socioambiental,2021-06-07,0,0,0
b5e4311d58efc78450865cadf4c4a3b5,socioambiental,2021-05-31,0,0,0
b5e4311d58efc78450865cadf4c4a3b5,socioambiental,2021-05-24,0,0,0
b5e4311d58efc78450865cadf4c4a3b5,socioambiental,2021-05-17,0,0,0
b5e4311d58efc78450865cadf4c4a3b5,socioambiental,2021-05-10,0,0,0
b5e4311d58efc78450865cadf4c4a3b5,socioambiental,2021-05-03,0,0,0
b5e4311d58efc78450865cadf4c4a3b5,socioambiental,2021-04-26,0,0,0
b5e4311d58efc78450865cadf4c4a3b5,socioambiental,2021-04-19,1,10,12.1375867407351
6da06eadf78db985f2c5ad85041daadd,socioambiental,2021-07-12,0,0,0
6da06eadf78db985f2c5ad85041daadd,socioambiental,2021-07-05,0,0,0
6da06eadf78db985f2c5ad85041daadd,socioambiental,2021-06-28,0,0,0
6da06eadf78db985f2c5ad85041daadd,socioambiental,2021-06-21,0,0,0
6da06eadf78db985f2c5ad85041daadd,socioambiental,2021-06-14,0,0,0
6da06eadf78db985f2c5ad85041daadd,socioambiental,2021-06-07,1,131,22.6562586284988
6da06eadf78db985f2c5ad85041daadd,socioambiental,2021-05-31,0,0,0
6da06eadf78db985f2c5ad85041daadd,socioambiental,2021-05-24,0,0,0
6da06eadf78db985f2c5ad85041daadd,socioambiental,2021-05-17,0,0,0
6da06eadf78db985f2c5ad85041daadd,socioambiental,2021-05-10,0,0,0
6da06eadf78db985f2c5ad85041daadd,socioambiental,2021-05-03,0,0,0
6da06eadf78db985f2c5ad85041daadd,socioambiental,2021-04-26,0,0,0
6da06eadf78db985f2c5ad85041daadd,socioambiental,2021-04-19,0,0,0
39bc5bbea1cee37f2c3d9029e941e2a5,socioambiental,2021-07-12,0,0,0
39bc5bbea1cee37f2c3d9029e941e2a5,socioambiental,2021-07-05,0,0,0
39bc5bbea1cee37f2c3d9029e941e2a5,socioambiental,2021-06-28,0,0,0
39bc5bbea1cee37f2c3d9029e941e2a5,socioambiental,2021-06-21,0,0,0
39bc5bbea1cee37f2c3d9029e941e2a5,socioambiental,2021-06-14,0,0,0
39bc5bbea1cee37f2c3d9029e941e2a5,socioambiental,2021-06-07,0,0,0
39bc5bbea1cee37f2c3d9029e941e2a5,socioambiental,2021-05-31,0,0,0
39bc5bbea1cee37f2c3d9029e941e2a5,socioambiental,2021-05-24,0,0,0
39bc5bbea1cee37f2c3d9029e941e2a5,socioambiental,2021-05-17,0,0,0
39bc5bbea1cee37f2c3d9029e941e2a5,socioambiental,2021-05-10,1,9,9.70540048752461
39bc5bbea1cee37f2c3d9029e941e2a5,socioambiental,2021-05-03,0,0,0
39bc5bbea1cee37f2c3d9029e941e2a5,socioambiental,2021-04-26,1,0,0.704225352112676
39bc5bbea1cee37f2c3d9029e941e2a5,socioambiental,2021-04-19,0,0,0
480355ae3c783211d6b064ab5f2578c0,socioambiental,2021-07-12,0,0,0
480355ae3c783211d6b064ab5f2578c0,socioambiental,2021-07-05,0,0,0
480355ae3c783211d6b064ab5f2578c0,socioambiental,2021-06-28,0,0,0
480355ae3c783211d6b064ab5f2578c0,socioambiental,2021-06-21,0,0,0
480355ae3c783211d6b064ab5f2578c0,socioambiental,2021-06-14,0,0,0
480355ae3c783211d6b064ab5f2578c0,socioambiental,2021-06-07,0,0,0
480355ae3c783211d6b064ab5f2578c0,socioambiental,2021-05-31,0,0,0
480355ae3c783211d6b064ab5f2578c0,socioambiental,2021-05-24,0,0,0
480355ae3c783211d6b064ab5f2578c0,socioambiental,2021-05-17,0,0,0
480355ae3c783211d6b064ab5f2578c0,socioambiental,2021-05-10,0,0,0
480355ae3c783211d6b064ab5f2578c0,socioambiental,2021-05-03,1,20,18.6149819603938
480355ae3c783211d6b064ab5f2578c0,socioambiental,2021-04-26,0,0,0
480355ae3c783211d6b064ab5f2578c0,socioambiental,2021-04-19,0,0,0
e930c2f9ea803cca320833675408d71f,socioambiental,2021-07-12,0,0,0
e930c2f9ea803cca320833675408d71f,socioambiental,2021-07-12,0,0,0
e930c2f9ea803cca320833675408d71f,socioambiental,2021-07-05,1,8,10.4696268434428
e930c2f9ea803cca320833675408d71f,socioambiental,2021-07-05,1,8,10.4696268434428
e930c2f9ea803cca320833675408d71f,socioambiental,2021-06-28,0,0,0
e930c2f9ea803cca320833675408d71f,socioambiental,2021-06-28,0,0,0
e930c2f9ea803cca320833675408d71f,socioambiental,2021-06-21,0,0,0
e930c2f9ea803cca320833675408d71f,socioambiental,2021-06-21,0,0,0
e930c2f9ea803cca320833675408d71f,socioambiental,2021-06-14,0,0,0
e930c2f9ea803cca320833675408d71f,socioambiental,2021-06-14,0,0,0
e930c2f9ea803cca320833675408d71f,socioambiental,2021-06-07,0,0,0
e930c2f9ea803cca320833675408d71f,socioambiental,2021-06-07,0,0,0
e930c2f9ea803cca320833675408d71f,socioambiental,2021-05-31,0,0,0
e930c2f9ea803cca320833675408d71f,socioambiental,2021-05-31,0,0,0
e930c2f9ea803cca320833675408d71f,socioambiental,2021-05-24,0,0,0
e930c2f9ea803cca320833675408d71f,socioambiental,2021-05-24,0,0,0
e930c2f9ea803cca320833675408d71f,socioambiental,2021-05-17,0,0,0
e930c2f9ea803cca320833675408d71f,socioambiental,2021-05-17,0,0,0
e930c2f9ea803cca320833675408d71f,socioambiental,2021-05-10,0,0,0
e930c2f9ea803cca320833675408d71f,socioambiental,2021-05-10,0,0,0
e930c2f9ea803cca320833675408d71f,socioambiental,2021-05-03,0,0,0
e930c2f9ea803cca320833675408d71f,socioambiental,2021-05-03,0,0,0
e930c2f9ea803cca320833675408d71f,socioambiental,2021-04-26,0,0,0
e930c2f9ea803cca320833675408d71f,socioambiental,2021-04-26,0,0,0
e930c2f9ea803cca320833675408d71f,socioambiental,2021-04-19,0,0,0
e930c2f9ea803cca320833675408d71f,socioambiental,2021-04-19,0,0,0
a3d8bfd5d200e41f93592a3d82765130,socioambiental,2021-07-12,0,0,0
a3d8bfd5d200e41f93592a3d82765130,socioambiental,2021-07-05,0,0,0
a3d8bfd5d200e41f93592a3d82765130,socioambiental,2021-06-28,0,0,0
a3d8bfd5d200e41f93592a3d82765130,socioambiental,2021-06-21,1,18,15.2664224915475
a3d8bfd5d200e41f93592a3d82765130,socioambiental,2021-06-14,0,0,0
a3d8bfd5d200e41f93592a3d82765130,socioambiental,2021-06-07,0,0,0
a3d8bfd5d200e41f93592a3d82765130,socioambiental,2021-05-31,0,0,0
a3d8bfd5d200e41f93592a3d82765130,socioambiental,2021-05-24,0,0,0
a3d8bfd5d200e41f93592a3d82765130,socioambiental,2021-05-17,0,0,0
a3d8bfd5d200e41f93592a3d82765130,socioambiental,2021-05-10,0,0,0
a3d8bfd5d200e41f93592a3d82765130,socioambiental,2021-05-03,0,0,0
a3d8bfd5d200e41f93592a3d82765130,socioambiental,2021-04-26,0,0,0
a3d8bfd5d200e41f93592a3d82765130,socioambiental,2021-04-19,0,0,0
fcdc79a55d780d14b0434e2e6df5fd11,socioambiental,2021-07-12,0,0,0
fcdc79a55d780d14b0434e2e6df5fd11,socioambiental,2021-07-05,0,0,0
fcdc79a55d780d14b0434e2e6df5fd11,socioambiental,2021-06-28,0,0,0
fcdc79a55d780d14b0434e2e6df5fd11,socioambiental,2021-06-21,0,0,0
fcdc79a55d780d14b0434e2e6df5fd11,socioambiental,2021-06-14,0,0,0
fcdc79a55d780d14b0434e2e6df5fd11,socioambiental,2021-06-07,0,0,0
fcdc79a55d780d14b0434e2e6df5fd11,socioambiental,2021-05-31,0,0,0
fcdc79a55d780d14b0434e2e6df5fd11,socioambiental,2021-05-24,0,0,0
fcdc79a55d780d14b0434e2e6df5fd11,socioambiental,2021-05-17,0,0,0
fcdc79a55d780d14b0434e2e6df5fd11,socioambiental,2021-05-10,0,0,0
fcdc79a55d780d14b0434e2e6df5fd11,socioambiental,2021-05-03,0,0,0
fcdc79a55d780d14b0434e2e6df5fd11,socioambiental,2021-04-26,0,0,0
fcdc79a55d780d14b0434e2e6df5fd11,socioambiental,2021-04-19,1,6,9.7618050841092
b3cc099b705e543f4e034b678c646ebd,socioambiental,2021-07-12,0,0,0
b3cc099b705e543f4e034b678c646ebd,socioambiental,2021-07-05,0,0,0
b3cc099b705e543f4e034b678c646ebd,socioambiental,2021-06-28,0,0,0
b3cc099b705e543f4e034b678c646ebd,socioambiental,2021-06-21,0,0,0
b3cc099b705e543f4e034b678c646ebd,socioambiental,2021-06-14,0,0,0
b3cc099b705e543f4e034b678c646ebd,socioambiental,2021-06-07,0,0,0
b3cc099b705e543f4e034b678c646ebd,socioambiental,2021-05-31,0,0,0
b3cc099b705e543f4e034b678c646ebd,socioambiental,2021-05-24,0,0,0
b3cc099b705e543f4e034b678c646ebd,socioambiental,2021-05-17,0,0,0
b3cc099b705e543f4e034b678c646ebd,socioambiental,2021-05-10,0,0,0
b3cc099b705e543f4e034b678c646ebd,socioambiental,2021-05-03,0,0,0
b3cc099b705e543f4e034b678c646ebd,socioambiental,2021-04-26,0,0,0
b3cc099b705e543f4e034b678c646ebd,socioambiental,2021-04-19,0,0,0
1ab02e83a22f3dd9adcf2c2990e54580,socioambiental,2021-07-12,0,0,0
1ab02e83a22f3dd9adcf2c2990e54580,socioambiental,2021-07-05,0,0,0
1ab02e83a22f3dd9adcf2c2990e54580,socioambiental,2021-06-28,0,0,0
1ab02e83a22f3dd9adcf2c2990e54580,socioambiental,2021-06-21,0,0,0
1ab02e83a22f3dd9adcf2c2990e54580,socioambiental,2021-06-14,1,296,31.3093191098952
1ab02e83a22f3dd9adcf2c2990e54580,socioambiental,2021-06-07,0,0,0
1ab02e83a22f3dd9adcf2c2990e54580,socioambiental,2021-05-31,0,0,0
1ab02e83a22f3dd9adcf2c2990e54580,socioambiental,2021-05-24,0,0,0
1ab02e83a22f3dd9adcf2c2990e54580,socioambiental,2021-05-17,0,0,0
1ab02e83a22f3dd9adcf2c2990e54580,socioambiental,2021-05-10,0,0,0
1ab02e83a22f3dd9adcf2c2990e54580,socioambiental,2021-05-03,0,0,0
1ab02e83a22f3dd9adcf2c2990e54580,socioambiental,2021-04-26,0,0,0
1ab02e83a22f3dd9adcf2c2990e54580,socioambiental,2021-04-19,0,0,0
1861fc92e38e56038410758af021a739,socioambiental,2021-07-12,0,0,0
1861fc92e38e56038410758af021a739,socioambiental,2021-07-05,0,0,0
1861fc92e38e56038410758af021a739,socioambiental,2021-06-28,0,0,0
1861fc92e38e56038410758af021a739,socioambiental,2021-06-21,0,0,0
1861fc92e38e56038410758af021a739,socioambiental,2021-06-14,0,0,0
1861fc92e38e56038410758af021a739,socioambiental,2021-06-07,29,16023,79.6270784272358
1861fc92e38e56038410758af021a739,socioambiental,2021-05-31,1,20,16.2570774616306
1861fc92e38e56038410758af021a739,socioambiental,2021-05-24,38,48170,66.8246459601923
1861fc92e38e56038410758af021a739,socioambiental,2021-05-17,0,0,0
1861fc92e38e56038410758af021a739,socioambiental,2021-05-10,0,0,0
1861fc92e38e56038410758af021a739,socioambiental,2021-05-03,0,0,0
1861fc92e38e56038410758af021a739,socioambiental,2021-04-26,0,0,0
1861fc92e38e56038410758af021a739,socioambiental,2021-04-19,0,0,0
1f8fbe1054bb174908f989d6e29ccf32,socioambiental,2021-07-12,0,0,0
1f8fbe1054bb174908f989d6e29ccf32,socioambiental,2021-07-05,0,0,0
1f8fbe1054bb174908f989d6e29ccf32,socioambiental,2021-06-28,0,0,0
1f8fbe1054bb174908f989d6e29ccf32,socioambiental,2021-06-21,0,0,0
1f8fbe1054bb174908f989d6e29ccf32,socioambiental,2021-06-14,0,0,0
1f8fbe1054bb174908f989d6e29ccf32,socioambiental,2021-06-07,0,0,0
1f8fbe1054bb174908f989d6e29ccf32,socioambiental,2021-05-31,0,0,0
1f8fbe1054bb174908f989d6e29ccf32,socioambiental,2021-05-24,0,0,0
1f8fbe1054bb174908f989d6e29ccf32,socioambiental,2021-05-17,0,0,0
1f8fbe1054bb174908f989d6e29ccf32,socioambiental,2021-05-10,0,0,0
1f8fbe1054bb174908f989d6e29ccf32,socioambiental,2021-05-03,0,0,0
1f8fbe1054bb174908f989d6e29ccf32,socioambiental,2021-04-26,0,0,0
1f8fbe1054bb174908f989d6e29ccf32,socioambiental,2021-04-19,0,0,0
31ff798553e6f55cc2216d6c650fdd98,socioambiental,2021-07-12,0,0,0
31ff798553e6f55cc2216d6c650fdd98,socioambiental,2021-07-05,0,0,0
31ff798553e6f55cc2216d6c650fdd98,socioambiental,2021-06-28,0,0,0
31ff798553e6f55cc2216d6c650fdd98,socioambiental,2021-06-21,0,0,0
31ff798553e6f55cc2216d6c650fdd98,socioambiental,2021-06-14,0,0,0
31ff798553e6f55cc2216d6c650fdd98,socioambiental,2021-06-07,0,0,0
31ff798553e6f55cc2216d6c650fdd98,socioambiental,2021-05-31,0,0,0
31ff798553e6f55cc2216d6c650fdd98,socioambiental,2021-05-24,0,0,0
31ff798553e6f55cc2216d6c650fdd98,socioambiental,2021-05-17,0,0,0
31ff798553e6f55cc2216d6c650fdd98,socioambiental,2021-05-10,0,0,0
31ff798553e6f55cc2216d6c650fdd98,socioambiental,2021-05-03,0,0,0
31ff798553e6f55cc2216d6c650fdd98,socioambiental,2021-04-26,1,12,11.4596939817592
31ff798553e6f55cc2216d6c650fdd98,socioambiental,2021-04-19,0,0,0
05dd8c01dde0f51c568b946944575ec1,socioambiental,2021-07-12,0,0,0
05dd8c01dde0f51c568b946944575ec1,socioambiental,2021-07-05,0,0,0
05dd8c01dde0f51c568b946944575ec1,socioambiental,2021-06-28,0,0,0
05dd8c01dde0f51c568b946944575ec1,socioambiental,2021-06-21,0,0,0
05dd8c01dde0f51c568b946944575ec1,socioambiental,2021-06-14,0,0,0
05dd8c01dde0f51c568b946944575ec1,socioambiental,2021-06-07,0,0,0
05dd8c01dde0f51c568b946944575ec1,socioambiental,2021-05-31,0,0,0
05dd8c01dde0f51c568b946944575ec1,socioambiental,2021-05-24,0,0,0
05dd8c01dde0f51c568b946944575ec1,socioambiental,2021-05-17,0,0,0
05dd8c01dde0f51c568b946944575ec1,socioambiental,2021-05-10,1,1,0.595238095238095
05dd8c01dde0f51c568b946944575ec1,socioambiental,2021-05-03,0,0,0
05dd8c01dde0f51c568b946944575ec1,socioambiental,2021-04-26,0,0,0
05dd8c01dde0f51c568b946944575ec1,socioambiental,2021-04-19,0,0,0
ec91f098cf1f5c453b0f55c047bd5f63,socioambiental,2021-07-12,0,0,0
ec91f098cf1f5c453b0f55c047bd5f63,socioambiental,2021-07-05,0,0,0
ec91f098cf1f5c453b0f55c047bd5f63,socioambiental,2021-06-28,0,0,0
ec91f098cf1f5c453b0f55c047bd5f63,socioambiental,2021-06-21,0,0,0
ec91f098cf1f5c453b0f55c047bd5f63,socioambiental,2021-06-14,0,0,0
ec91f098cf1f5c453b0f55c047bd5f63,socioambiental,2021-06-07,0,0,0
ec91f098cf1f5c453b0f55c047bd5f63,socioambiental,2021-05-31,0,0,0
ec91f098cf1f5c453b0f55c047bd5f63,socioambiental,2021-05-24,0,0,0
ec91f098cf1f5c453b0f55c047bd5f63,socioambiental,2021-05-17,0,0,0
ec91f098cf1f5c453b0f55c047bd5f63,socioambiental,2021-05-10,0,0,0
ec91f098cf1f5c453b0f55c047bd5f63,socioambiental,2021-05-03,0,0,0
ec91f098cf1f5c453b0f55c047bd5f63,socioambiental,2021-04-26,0,0,0
ec91f098cf1f5c453b0f55c047bd5f63,socioambiental,2021-04-19,1,3,6.53807025112305
de9b739549ae4977723266c8dc7876a1,socioambiental,2021-07-12,0,0,0
de9b739549ae4977723266c8dc7876a1,socioambiental,2021-07-05,0,0,0
de9b739549ae4977723266c8dc7876a1,socioambiental,2021-06-28,0,0,0
de9b739549ae4977723266c8dc7876a1,socioambiental,2021-06-21,0,0,0
de9b739549ae4977723266c8dc7876a1,socioambiental,2021-06-14,0,0,0
de9b739549ae4977723266c8dc7876a1,socioambiental,2021-06-07,0,0,0
de9b739549ae4977723266c8dc7876a1,socioambiental,2021-05-31,1,1,1.28205128205128
de9b739549ae4977723266c8dc7876a1,socioambiental,2021-05-24,0,0,0
de9b739549ae4977723266c8dc7876a1,socioambiental,2021-05-17,0,0,0
de9b739549ae4977723266c8dc7876a1,socioambiental,2021-05-10,0,0,0
de9b739549ae4977723266c8dc7876a1,socioambiental,2021-05-03,0,0,0
de9b739549ae4977723266c8dc7876a1,socioambiental,2021-04-26,0,0,0
de9b739549ae4977723266c8dc7876a1,socioambiental,2021-04-19,0,0,0
53ab56c3b4b26d88b7b4ac15ce70129a,socioambiental,2021-07-12,0,0,0
53ab56c3b4b26d88b7b4ac15ce70129a,socioambiental,2021-07-05,0,0,0
53ab56c3b4b26d88b7b4ac15ce70129a,socioambiental,2021-06-28,0,0,0
53ab56c3b4b26d88b7b4ac15ce70129a,socioambiental,2021-06-21,0,0,0
53ab56c3b4b26d88b7b4ac15ce70129a,socioambiental,2021-06-14,0,0,0
53ab56c3b4b26d88b7b4ac15ce70129a,socioambiental,2021-06-07,0,0,0
53ab56c3b4b26d88b7b4ac15ce70129a,socioambiental,2021-05-31,0,0,0
53ab56c3b4b26d88b7b4ac15ce70129a,socioambiental,2021-05-24,0,0,0
53ab56c3b4b26d88b7b4ac15ce70129a,socioambiental,2021-05-17,0,0,0
53ab56c3b4b26d88b7b4ac15ce70129a,socioambiental,2021-05-10,1,35,15.3364705278996
53ab56c3b4b26d88b7b4ac15ce70129a,socioambiental,2021-05-03,0,0,0
53ab56c3b4b26d88b7b4ac15ce70129a,socioambiental,2021-04-26,0,0,0
53ab56c3b4b26d88b7b4ac15ce70129a,socioambiental,2021-04-19,0,0,0
65ced50aef5733e0af22dedcdbe5d459,socioambiental,2021-07-12,0,0,0
65ced50aef5733e0af22dedcdbe5d459,socioambiental,2021-07-05,0,0,0
65ced50aef5733e0af22dedcdbe5d459,socioambiental,2021-06-28,0,0,0
65ced50aef5733e0af22dedcdbe5d459,socioambiental,2021-06-21,0,0,0
65ced50aef5733e0af22dedcdbe5d459,socioambiental,2021-06-14,0,0,0
65ced50aef5733e0af22dedcdbe5d459,socioambiental,2021-06-07,4,63,23.2928484924274
65ced50aef5733e0af22dedcdbe5d459,socioambiental,2021-05-31,0,0,0
65ced50aef5733e0af22dedcdbe5d459,socioambiental,2021-05-24,0,0,0
65ced50aef5733e0af22dedcdbe5d459,socioambiental,2021-05-17,0,0,0
65ced50aef5733e0af22dedcdbe5d459,socioambiental,2021-05-10,0,0,0
65ced50aef5733e0af22dedcdbe5d459,socioambiental,2021-05-03,1,17,17.7342833973156
65ced50aef5733e0af22dedcdbe5d459,socioambiental,2021-04-26,0,0,0
65ced50aef5733e0af22dedcdbe5d459,socioambiental,2021-04-19,0,0,0
6c74bedf8b714e465f7fe246047a3710,socioambiental,2021-07-12,0,0,0
6c74bedf8b714e465f7fe246047a3710,socioambiental,2021-07-05,0,0,0
6c74bedf8b714e465f7fe246047a3710,socioambiental,2021-06-28,0,0,0
6c74bedf8b714e465f7fe246047a3710,socioambiental,2021-06-21,0,0,0
6c74bedf8b714e465f7fe246047a3710,socioambiental,2021-06-14,0,0,0
6c74bedf8b714e465f7fe246047a3710,socioambiental,2021-06-07,0,0,0
6c74bedf8b714e465f7fe246047a3710,socioambiental,2021-05-31,0,0,0
6c74bedf8b714e465f7fe246047a3710,socioambiental,2021-05-24,0,0,0
6c74bedf8b714e465f7fe246047a3710,socioambiental,2021-05-17,0,0,0
6c74bedf8b714e465f7fe246047a3710,socioambiental,2021-05-10,0,0,0
6c74bedf8b714e465f7fe246047a3710,socioambiental,2021-05-03,0,0,0
6c74bedf8b714e465f7fe246047a3710,socioambiental,2021-04-26,0,0,0
6c74bedf8b714e465f7fe246047a3710,socioambiental,2021-04-19,1,270,27.46608320839
987a861480018de8ea019124ca4cf7d1,socioambiental,2021-07-12,0,0,0
987a861480018de8ea019124ca4cf7d1,socioambiental,2021-07-05,0,0,0
987a861480018de8ea019124ca4cf7d1,socioambiental,2021-06-28,0,0,0
987a861480018de8ea019124ca4cf7d1,socioambiental,2021-06-21,1,10,12.5007730217338
987a861480018de8ea019124ca4cf7d1,socioambiental,2021-06-14,1,13,14.9449764043627
987a861480018de8ea019124ca4cf7d1,socioambiental,2021-06-07,0,0,0
987a861480018de8ea019124ca4cf7d1,socioambiental,2021-05-31,0,0,0
987a861480018de8ea019124ca4cf7d1,socioambiental,2021-05-24,0,0,0
987a861480018de8ea019124ca4cf7d1,socioambiental,2021-05-17,0,0,0
987a861480018de8ea019124ca4cf7d1,socioambiental,2021-05-10,0,0,0
987a861480018de8ea019124ca4cf7d1,socioambiental,2021-05-03,0,0,0
987a861480018de8ea019124ca4cf7d1,socioambiental,2021-04-26,0,0,0
987a861480018de8ea019124ca4cf7d1,socioambiental,2021-04-19,1,83,21.9800081050647
2ee550b3bcb3e794a5721059ba985ceb,socioambiental,2021-07-12,0,0,0
2ee550b3bcb3e794a5721059ba985ceb,socioambiental,2021-07-12,0,0,0
2ee550b3bcb3e794a5721059ba985ceb,socioambiental,2021-07-05,1,290,25.9307495598863
2ee550b3bcb3e794a5721059ba985ceb,socioambiental,2021-07-05,1,290,25.9307495598863
2ee550b3bcb3e794a5721059ba985ceb,socioambiental,2021-06-28,3,101,28.6958644476856
2ee550b3bcb3e794a5721059ba985ceb,socioambiental,2021-06-28,3,101,28.6958644476856
2ee550b3bcb3e794a5721059ba985ceb,socioambiental,2021-06-21,0,0,0
2ee550b3bcb3e794a5721059ba985ceb,socioambiental,2021-06-21,0,0,0
2ee550b3bcb3e794a5721059ba985ceb,socioambiental,2021-06-14,0,0,0
2ee550b3bcb3e794a5721059ba985ceb,socioambiental,2021-06-14,0,0,0
2ee550b3bcb3e794a5721059ba985ceb,socioambiental,2021-06-07,0,0,0
2ee550b3bcb3e794a5721059ba985ceb,socioambiental,2021-06-07,0,0,0
2ee550b3bcb3e794a5721059ba985ceb,socioambiental,2021-05-31,0,0,0
2ee550b3bcb3e794a5721059ba985ceb,socioambiental,2021-05-31,0,0,0
2ee550b3bcb3e794a5721059ba985ceb,socioambiental,2021-05-24,0,0,0
2ee550b3bcb3e794a5721059ba985ceb,socioambiental,2021-05-24,0,0,0
2ee550b3bcb3e794a5721059ba985ceb,socioambiental,2021-05-17,0,0,0
2ee550b3bcb3e794a5721059ba985ceb,socioambiental,2021-05-17,0,0,0
2ee550b3bcb3e794a5721059ba985ceb,socioambiental,2021-05-10,0,0,0
2ee550b3bcb3e794a5721059ba985ceb,socioambiental,2021-05-10,0,0,0
2ee550b3bcb3e794a5721059ba985ceb,socioambiental,2021-05-03,0,0,0
2ee550b3bcb3e794a5721059ba985ceb,socioambiental,2021-05-03,0,0,0
2ee550b3bcb3e794a5721059ba985ceb,socioambiental,2021-04-26,0,0,0
2ee550b3bcb3e794a5721059ba985ceb,socioambiental,2021-04-26,0,0,0
2ee550b3bcb3e794a5721059ba985ceb,socioambiental,2021-04-19,1,53,19.8938681185207
2ee550b3bcb3e794a5721059ba985ceb,socioambiental,2021-04-19,1,53,19.8938681185207
